Variable,Morans_I,Expected,Variance,Z_score,P_value,Significant
Sale Price,0.532807098509987,-4.162850720173175e-5,9.259520477519604e-6,175.10949047554732,0,TRUE
Model 4 Residuals,0.08204644509416695,-4.162850720173175e-5,9.255278847675522e-6,26.982694111927774,1.1796538613256398e-160,TRUE
